rank,stock_code,stock_name,sector,price,change_pct,total_score,score_coverage,position_type,risk,return_5d,return_10d,return_20d,ma20,distance_ma20,atr,natr,move_atr,history_source,negative_factor
1,600830,香溢融通,金融行业,9.79,-3.64,83.39,0.85,趋势观察,低,16.270783847980997,20.27027027027024,22.98994974874371,8.5355,14.697440103098813,0.40019796272973035,4.0878239298236,0.8908730772124331,tencent,独立催化与龙虎榜尚未确认；历史公告硬风险及当时板块归属未完整核验
2,600685,中船防务,船舶制造,27.44,3.82,79.94,0.85,趋势观察,低,4.215723509304992,7.2293864790933915,5.053598774885137,26.1515,4.9270596332906536,0.7056853444995996,2.571739593657433,1.4859261287846053,tencent,独立催化与龙虎榜尚未确认；历史公告硬风险及当时板块归属未完整核验
3,600737,中粮糖业,食品行业,15.61,0.64,79.94,0.85,趋势观察,低,-2.6200873362445476,7.211538461538458,15.373244641537331,14.5835,7.03877669969486,0.9884480757914327,6.332146545749088,0.10182097349424554,tencent,独立催化与龙虎榜尚未确认；历史公告硬风险及当时板块归属未完整核验
4,601988,中国银行,金融行业,6.57,0.46,78.56,0.85,趋势观察,低,6.138933764135701,8.595041322314056,13.864818024263448,6.162,6.621226874391439,0.14227058131713338,2.1654578587082707,0.21183307469391927,tencent,独立催化与龙虎榜尚未确认；历史公告硬风险及当时板块归属未完整核验
5,601169,北京银行,金融行业,5.6,1.08,77.45,0.85,趋势观察,低,10.019646365422386,10.019646365422386,11.776447105788424,5.1635,8.453568316064676,0.09980879889076784,1.782299980192283,0.6076600476974027,tencent,独立催化与龙虎榜尚未确认；历史公告硬风险及当时板块归属未完整核验
6,000768,中航西飞,飞机制造,23.7,2.86,77.23,0.85,趋势观察,低,9.116022099447507,13.072519083969446,14.27193828351012,21.575,9.849362688296637,0.6839216504042501,2.885745360355486,0.9926667032674175,tencent,独立催化与龙虎榜尚未确认；历史公告硬风险及当时板块归属未完整核验
7,300133,华策影视,传媒娱乐,7.67,3.65,77.08,0.85,趋势观察,低,10.998552821997109,10.998552821997109,5.068493150684938,7.1865,6.727892576358463,0.371859259893884,4.848230246334864,0.7525733026823404,tencent,独立催化与龙虎榜尚未确认；历史公告硬风险及当时板块归属未完整核验
8,002142,宁波银行,金融行业,34.5,0.29,76.29,0.85,趋势观察,低,1.890135853514474,1.2918379330592922,9.593392630241414,33.3635,3.406417192440836,0.6732386397957664,1.9514163472341053,0.1489675305993176,tencent,独立催化与龙虎榜尚未确认；历史公告硬风险及当时板块归属未完整核验
9,601939,建设银行,金融行业,10.98,0.27,76.0,0.85,趋势观察,低,2.7128157156220745,4.2735042735042805,9.036742800397214,10.596,3.624009060022648,0.22786915071960293,2.0753110265901906,0.13201520120571164,tencent,独立催化与龙虎榜尚未确认；历史公告硬风险及当时板块归属未完整核验
10,002017,东信和平,电子信息,17.06,3.58,75.97,0.85,趋势观察,低,5.373687461395904,17.412250516173433,22.118826055833907,15.101500000000001,12.968910373141718,0.8871790371025287,5.200346055700638,0.6888523873250046,tencent,独立催化与龙虎榜尚未确认；历史公告硬风险及当时板块归属未完整核验
11,601601,中国太保,金融行业,34.21,0.5,75.82,0.85,趋势观察,低,7.680201447906843,12.45890861275476,8.706704798220532,31.381,9.01500908192856,0.8740785817464914,2.555038239539583,0.19546183231456585,tencent,独立催化与龙虎榜尚未确认；历史公告硬风险及当时板块归属未完整核验
12,000564,供销大集,商业百货,1.6,0.0,75.76,0.85,趋势观察,低,2.564102564102577,11.888111888111897,13.475177304964546,1.5034999999999998,6.418357166611255,0.07705344247592347,4.815840154745216,0.0,tencent,独立催化与龙虎榜尚未确认；历史公告硬风险及当时板块归属未完整核验
13,600893,航发动力,飞机制造,40.04,2.25,75.66,0.85,趋势观察,低,5.646437994722953,10.242290748898686,11.314984709480115,37.275,7.417840375586859,1.222416093651378,3.052987246881563,0.7360630194349245,tencent,独立催化与龙虎榜尚未确认；历史公告硬风险及当时板块归属未完整核验
14,601398,工商银行,金融行业,8.13,0.37,75.43,0.85,趋势观察,低,3.435114503816794,4.633204633204646,7.968127490039856,7.8225,3.930968360498577,0.15639580643016296,1.923687655967564,0.19253144824287494,tencent,独立催化与龙虎榜尚未确认；历史公告硬风险及当时板块归属未完整核验
15,601288,农业银行,金融行业,6.96,1.02,75.22,0.85,趋势观察,低,2.503681885125175,2.6548672566371723,7.573415765069558,6.742999999999999,3.218152157793286,0.14892812595123922,2.1397719245867703,0.47480068096732453,tencent,独立催化与龙虎榜尚未确认；历史公告硬风险及当时板块归属未完整核验
16,601328,交通银行,金融行业,7.42,1.37,75.12,0.85,趋势观察,低,4.507042253521121,4.2134831460674205,7.38060781476122,7.115,4.28671820098383,0.13767003669298652,1.8553913300941578,0.736297618955618,tencent,独立催化与龙虎榜尚未确认；历史公告硬风险及当时板块归属未完整核验
17,601318,中国平安,金融行业,58.24,0.41,74.58,1.0,趋势观察,低,4.279319606087739,9.165885660731021,9.104533533158477,54.37049999999999,7.1169108248039015,1.160150174751227,1.9920160967569145,0.20772578300042982,eastmoney,独立催化与龙虎榜尚未确认；历史公告硬风险及当时板块归属未完整核验
18,000001,平安银行,金融行业,11.89,0.08,74.53,0.85,趋势观察,低,2.060085836909864,4.206836108676604,6.255585344057213,11.491499999999998,3.46778053343777,0.1916492819756644,1.6118526659012984,0.05222256720841073,tencent,独立催化与龙虎榜尚未确认；历史公告硬风险及当时板块归属未完整核验
19,000776,广发证券,金融行业,22.2,0.23,74.4,0.85,趋势观察,低,3.593093793747082,7.976653696498048,6.017191977077352,21.1635,4.897583102983916,0.6328640731691968,2.8507390683297156,0.07918424973344519,tencent,独立催化与龙虎榜尚未确认；历史公告硬风险及当时板块归属未完整核验
20,600036,招商银行,金融行业,41.69,1.51,73.78,1.0,趋势观察,低,5.946632782719186,7.172236503856033,7.448453608247418,39.4805,5.596433682450819,0.6701449985761035,1.6074478258002005,0.93913948658485,eastmoney,独立催化与龙虎榜尚未确认；历史公告硬风险及当时板块归属未完整核验
21,600103,青山纸业,造纸行业,3.55,-3.79,73.75,0.85,趋势观察,低,-7.792207792207795,23.263888888888886,21.160409556313976,3.2895000000000003,7.919136646906799,0.2420662964273346,6.818768913446045,0.5564109868715268,tencent,独立催化与龙虎榜尚未确认；历史公告硬风险及当时板块归属未完整核验
22,000997,新 大 陆,电子信息,21.6,2.42,73.6,0.85,趋势观察,低,5.314480741101901,17.26384364820848,17.647058823529417,19.214,12.418028520870216,0.778459183555878,3.603977701647583,0.6709829753552805,tencent,独立催化与龙虎榜尚未确认；历史公告硬风险及当时板块归属未完整核验
23,600026,中远海能,交通运输,20.34,0.05,73.51,0.85,趋势观察,低,8.133971291866038,3.8815117466802995,14.915254237288146,18.394,10.57953680548005,0.8969786285984355,4.409924427720922,0.011154021422771101,tencent,独立催化与龙虎榜尚未确认；历史公告硬风险及当时板块归属未完整核验
24,600887,伊利股份,食品行业,26.86,1.13,73.12,0.85,趋势观察,低,0.0,5.748031496063,2.479969477298738,26.017000000000003,3.240189107122249,0.5205358659670699,1.9379592925058446,0.582838905160209,tencent,独立催化与龙虎榜尚未确认；历史公告硬风险及当时板块归属未完整核验
25,600415,小商品城,商业百货,13.12,2.1,73.04,0.85,趋势观察,低,5.296950240770459,5.12820512820511,8.340214698596204,12.302000000000001,6.649325312957233,0.4734106327664507,3.608312749744289,0.5823129703277504,tencent,独立催化与龙虎榜尚未确认；历史公告硬风险及当时板块归属未完整核验
26,601336,新华保险,金融行业,62.25,0.53,72.6,0.85,趋势观察,低,4.096989966555187,5.88535465215172,2.621167161226512,59.552,4.530494357872117,1.5246715162759192,2.44927151208983,0.21759357172262409,tencent,独立催化与龙虎榜尚未确认；历史公告硬风险及当时板块归属未完整核验
27,000783,长江证券,金融行业,9.26,0.33,72.5,0.85,趋势观察,低,0.5428881650379802,7.6744186046511675,2.433628318584069,8.961500000000001,3.330915583328675,0.33558057778601924,3.6239803216632747,0.08968787265414326,tencent,独立催化与龙虎榜尚未确认；历史公告硬风险及当时板块归属未完整核验
28,600016,民生银行,金融行业,3.61,0.56,72.42,0.85,趋势观察,低,5.555555555555558,4.0345821325648235,2.2662889518413554,3.4964999999999997,3.24610324610326,0.06736792026531492,1.8661473757704967,0.29853111887094486,tencent,独立催化与龙虎榜尚未确认；历史公告硬风险及当时板块归属未完整核验
29,600999,招商证券,金融行业,18.54,0.49,72.2,0.85,趋势观察,低,-0.9086050240513233,4.040404040404044,1.8681318681318615,18.235,1.6726076227035813,0.4766718130641072,2.571045377907806,0.18973017055254512,tencent,独立催化与龙虎榜尚未确认；历史公告硬风险及当时板块归属未完整核验
30,601628,中国人寿,金融行业,39.17,-0.25,72.04,0.85,趋势观察,低,2.3517115233864683,5.77909802862544,1.5556131708581944,37.832499999999996,3.5353201612370544,1.027399125510895,2.622923475902208,0.09708530035679172,tencent,独立催化与龙虎榜尚未确认；历史公告硬风险及当时板块归属未完整核验
